hour,total_checkouts,total_pageviews,FB_Conversion_Rate,average_order_value,FB_CTR,discounts,total_sales_lag1,total_sales_lag7,total_sales_rolling_mean
2021-01-01,0.20833333333333334,28.958333333333332,0.0350194552529182,45.648,0.621526,-4.083333333333333,3042.562414266118,3021.396957123098,3027.2993291239145
2021-01-02,0.8333333333333334,47.25,0.05128205128205119,58.184,0.6782499999999999,-10.791666666666666,1776.0,3021.396957123098,3027.2993291239145
2021-01-03,0.75,52.458333333333336,0.0375722543352601,63.91,1.01766,-11.333333333333334,6682.0,3021.396957123098,3027.2993291239145
2021-01-04,0.9583333333333334,45.375,0.0651465798045602,72.2,0.954313,-9.958333333333334,8233.0,3021.396957123098,3027.2993291239145
2021-01-05,0.25,36.125,0.0604838709677419,57.139,0.658042,-10.958333333333334,6736.0,3021.396957123098,3027.2993291239145
2021-01-06,0.8333333333333334,55.208333333333336,0.2286995515695067,68.937,2.579259,-8.666666666666666,4736.0,3021.396957123098,3027.2993291239145
2021-01-07,0.2916666666666667,31.291666666666668,0.38391624482282555,59.99,1.657191,-8.5,6127.0,3021.396957123098,5608.428571428572
2021-01-08,0.625,35.666666666666664,0.021818181818181803,55.861,0.7133600000000001,-25.666666666666668,4969.0,1776.0,5825.428571428572
2021-01-09,0.4583333333333333,41.583333333333336,0.0517241379310344,56.397,0.823937,-10.833333333333334,3295.0,6682.0,5498.428571428572
2021-01-10,0.7916666666666666,40.333333333333336,0.0677966101694915,57.947,0.831803,-11.916666666666666,4393.0,8233.0,5115.857142857143
2021-01-11,0.7083333333333334,41.958333333333336,0.05574912891986059,58.988,0.8683140000000001,-11.125,5555.0,6736.0,4995.142857142857
2021-01-12,0.625,38.416666666666664,0.0613026819923371,57.50300000000001,0.675353,-7.333333333333333,5891.0,4736.0,4950.428571428572
2021-01-13,0.6666666666666666,39.0,0.0968992248062015,50.073,0.553617,-9.416666666666666,4423.0,6127.0,4732.0
2021-01-14,0.4583333333333333,43.208333333333336,0.065891472868217,50.556000000000004,0.574254,-14.208333333333334,4598.0,4969.0,4695.857142857143
2021-01-15,0.5416666666666666,33.25,0.0677966101694915,48.505,0.557639,-19.791666666666668,4716.0,3295.0,4937.428571428572
2021-01-16,0.5833333333333334,49.875,0.0360655737704918,52.511,0.8212610000000001,-23.583333333333332,4986.0,4393.0,5253.571428571428
2021-01-17,1.0416666666666667,61.25,0.0815047021943573,61.457,0.757733,-39.958333333333336,6606.0,5555.0,6047.571428571428
2021-01-18,1.4166666666666667,59.625,0.09200000000000001,72.95,0.6953330000000001,-57.916666666666664,11113.0,5891.0,7009.571428571428
2021-01-19,1.8333333333333333,85.04166666666667,0.1387096774193548,59.17499999999999,0.882848,-65.20833333333333,12625.0,4423.0,9217.57142857143
2021-01-20,2.2083333333333335,98.5,0.11228070175438591,56.877,0.745923,-46.458333333333336,19879.0,4598.0,11165.285714285714
2021-01-21,1.4583333333333333,79.5,0.1162790697674418,62.364,0.601263,-40.083333333333336,18232.0,4716.0,13206.142857142857
2021-01-22,1.4166666666666667,78.66666666666667,0.0785714285714285,62.882,0.738055,-41.833333333333336,19002.0,4986.0,15157.142857142857
2021-01-23,1.6666666666666667,99.16666666666667,0.0863930885529157,57.65200000000001,1.5276629999999998,-43.916666666666664,18643.0,6606.0,16794.571428571428
2021-01-24,1.875,124.79166666666667,0.3656759595528021,54.06,11.288871,-44.791666666666664,18068.0,11113.0,17630.0
2021-01-25,1.8333333333333333,99.5,0.3243773845469653,60.315,6.319983,-26.583333333333332,16961.0,12625.0,17685.285714285714
2021-01-26,1.125,80.83333333333333,0.3268338812351432,54.95000000000001,6.558122,-21.416666666666668,13012.0,19879.0,16504.571428571428
2021-01-27,1.2916666666666667,84.08333333333333,0.22811544991511026,53.96200000000001,5.919225999999999,-25.541666666666668,11614.0,18232.0,15678.57142857143
2021-01-28,1.6666666666666667,102.08333333333333,0.3975351434790151,52.78799999999999,6.041374,-26.208333333333332,12450.0,19002.0,15338.285714285714
2021-01-29,1.4166666666666667,90.25,0.3253796515082424,56.148,5.651545000000001,-7.041666666666667,16620.0,18643.0,15145.285714285714
2021-01-30,1.6666666666666667,113.33333333333333,0.2276313628899835,56.66,6.065411999999999,-6.75,17292.0,18068.0,14789.714285714286
2021-01-31,1.9583333333333333,125.91666666666667,0.312367476844445,56.33700000000001,6.999546,-6.791666666666667,15579.0,16961.0,15138.42857142857
2021-02-01,2.7083333333333335,141.75,0.2901805826627616,63.316,6.676601000000001,-10.75,19402.0,13012.0,16940.714285714286
2021-02-02,2.8333333333333335,130.45833333333334,0.5211857615824212,59.615,6.13917,-9.0,25628.0,11614.0,19077.0
2021-02-03,2.9583333333333335,131.91666666666666,0.5757745727853553,63.127,5.520734999999999,-12.791666666666666,26568.0,12450.0,21765.285714285714
2021-02-04,2.0,116.20833333333333,0.1336454116059379,59.544000000000004,2.91391,-15.875,31268.0,16620.0,22919.0
2021-02-05,2.125,116.16666666666667,0.1091605564955818,61.869,2.838163,-7.666666666666667,24696.0,17292.0,23558.14285714286
2021-02-06,2.0833333333333335,110.04166666666667,0.14206548292427,57.231,3.191443,-3.5,21766.0,15579.0,24071.0
2021-02-07,1.7083333333333333,94.375,0.1057730923694779,61.427,3.1760250000000005,-3.5,19169.0,19402.0,23801.428571428572
2021-02-08,0.625,60.833333333333336,0.0173267326732673,58.99100000000001,1.026517,-4.125,17515.0,25628.0,20874.85714285714
2021-02-09,0.875,48.166666666666664,0.0311526479750778,64.244,1.210692,-2.2916666666666665,5142.0,26568.0,17612.85714285714
2021-02-10,0.25,31.708333333333332,0.021818181818181803,54.733,0.95209,-2.5833333333333335,3734.0,31268.0,13562.714285714286
2021-02-11,0.4166666666666667,33.291666666666664,0.1549815498154981,72.66,1.105361,-2.5,2917.0,24696.0,10592.714285714286
2021-02-12,0.5833333333333334,38.625,0.05136986301369859,69.041,1.190422,-2.9583333333333335,3906.0,21766.0,7907.0
2021-02-13,0.5416666666666666,50.125,0.0521472392638036,70.904,1.39536,-2.375,2966.0,19169.0,5755.285714285715
2021-02-14,0.5,49.958333333333336,0.0416666666666666,64.919,1.071512,-2.0833333333333335,4107.0,17515.0,3721.714285714286
2021-02-15,0.5,46.25,0.0284090909090909,72.629,1.016456,-1.9583333333333333,3280.0,5142.0,3609.0
2021-02-16,0.4166666666666667,42.166666666666664,0.0328358208955223,65.277,0.9559539999999999,-3.9583333333333335,4353.0,3734.0,3666.1428571428573
2021-02-17,0.3333333333333333,38.416666666666664,0.0304054054054054,63.921,0.9123040000000001,-1.6666666666666667,4134.0,2917.0,3760.4285714285716
2021-02-18,0.2916666666666667,34.583333333333336,0.0339622641509433,73.937,0.8462650000000002,-2.1666666666666665,3577.0,3906.0,3740.4285714285716
2021-02-19,0.5416666666666666,38.25,0.0449438202247191,80.172,1.061383,-1.875,3766.0,2966.0,3963.8571428571427
2021-02-20,0.25,32.958333333333336,0.037174721189591,68.073,1.052863,-1.9166666666666667,4530.0,4107.0,3804.714285714286
2021-02-21,0.4583333333333333,36.125,0.0689655172413793,69.172,0.8282060000000001,-2.1666666666666665,2993.0,3280.0,3928.4285714285716
2021-02-22,0.4583333333333333,26.666666666666668,0.0365853658536585,59.998,0.784618,-0.9166666666666666,4146.0,4353.0,3691.5714285714284
2021-02-23,0.4166666666666667,28.75,0.0481927710843373,58.001,1.059204,-38.375,2695.0,4134.0,3486.4285714285716
2021-02-24,0.20833333333333334,25.625,0.0251256281407035,72.157,0.7804730000000001,-0.5,2698.0,3577.0,3375.1428571428573
2021-02-25,0.2916666666666667,27.25,0.050691244239631304,90.856,0.728619,-2.2916666666666665,2798.0,3766.0,3420.714285714286
2021-02-26,0.25,22.5,0.0104166666666666,51.048,0.686471,-2.3333333333333335,4085.0,4530.0,2955.4285714285716
2021-02-27,0.2916666666666667,28.208333333333332,0.014869888475836401,69.576,0.815976,-2.0,1273.0,2993.0,2855.1428571428573
2021-02-28,0.375,31.333333333333332,0.0357142857142857,64.644,0.790158,-1.4166666666666667,2291.0,4146.0,2613.285714285714
2021-03-01,0.25,27.666666666666668,0.0271317829457364,62.181000000000004,0.678848,-0.25,2453.0,2695.0,2517.1428571428573
2021-03-02,0.375,30.833333333333332,0.0296296296296296,63.87800000000001,0.752285,-255.41666666666666,2022.0,2698.0,2514.8571428571427
2021-03-03,0.4166666666666667,26.291666666666668,0.0472103004291845,77.962,0.644699,-1.75,2682.0,2798.0,2556.4285714285716
2021-03-04,0.125,21.333333333333332,0.013824884792626701,53.65200000000001,0.605278,-2.3333333333333335,3089.0,4085.0,2213.285714285714
2021-03-05,0.3333333333333333,29.625,0.048076923076922996,60.833,0.7166739999999999,-2.5,1683.0,1273.0,2292.1428571428573
2021-03-06,0.5833333333333334,34.75,0.05333333333333331,51.41299999999999,0.797977,-7.75,1825.0,2291.0,2302.714285714286
2021-03-07,0.6666666666666666,66.375,0.1456000302663438,58.576,2.54426,-4.625,2365.0,2453.0,2387.0
2021-03-08,0.375,31.208333333333332,0.2669871794871795,54.754,2.317299,-1.0833333333333333,3043.0,2022.0,2379.285714285714
2021-03-09,0.16666666666666666,25.791666666666668,0.025000000000000005,66.079,0.778126,-1.7083333333333333,1968.0,2682.0,2436.285714285714
2021-03-10,0.4583333333333333,28.791666666666668,0.05000000000000001,65.784,0.991297,-1.375,3081.0,3089.0,2358.5714285714284
2021-03-11,0.625,41.75,0.028213166144200597,43.367,1.118324,-1.2083333333333333,2545.0,1683.0,2385.8571428571427
2021-03-12,0.4166666666666667,32.083333333333336,0.0344827586206896,49.529,0.966682,-1.0416666666666667,1874.0,1825.0,2294.5714285714284
2021-03-13,0.3333333333333333,28.833333333333332,0.0344827586206896,59.252,1.046176,-1.3333333333333333,1186.0,2365.0,2290.5714285714284
2021-03-14,0.75,37.791666666666664,0.0772200772200772,70.901,1.4874339999999997,-4.666666666666667,2337.0,3043.0,2786.5714285714284
2021-03-15,0.6666666666666666,45.833333333333336,0.2471859231465907,69.058,2.593904,-189.33333333333334,6515.0,1968.0,3283.8571428571427
2021-03-16,0.5833333333333334,29.166666666666668,0.079646017699115,74.019,1.244387,-3.4583333333333335,5449.0,3081.0,3498.8571428571427
2021-03-17,0.125,25.25,0.0338164251207729,79.365,1.068022,-54.0,4586.0,2545.0,3599.5714285714284
2021-03-18,0.3333333333333333,23.25,0.04697986577181199,62.842000000000006,1.029574,-1.4583333333333333,3250.0,1874.0,3798.0
2021-03-19,0.5,30.125,0.2468503937007874,73.87,5.224944,-2.9583333333333335,3263.0,1186.0,4305.142857142857
2021-03-20,0.6666666666666666,36.666666666666664,0.2881855640807047,69.849,4.595244,-2.2083333333333335,4736.0,2337.0,4452.0
2021-03-21,0.7083333333333334,34.75,0.239011913576092,73.934,3.522931,-2.9583333333333335,3365.0,6515.0,4143.714285714285
2021-03-22,0.375,22.791666666666668,0.18719358193433364,66.409,2.805885,-1.0,4357.0,5449.0,3787.714285714286
2021-03-23,0.2916666666666667,22.166666666666668,0.0585185185185185,69.312,3.0455729999999996,-1.375,2957.0,4586.0,3727.714285714286
2021-03-24,0.2916666666666667,27.708333333333332,0.0554511278195488,66.278,2.7244569999999997,-4.666666666666667,4166.0,3250.0,3718.5714285714284
2021-03-25,0.375,29.166666666666668,0.0614469151268399,67.713,2.582087,-1.375,3186.0,3263.0,3677.714285714286
2021-03-26,0.4166666666666667,25.666666666666668,0.0752316325199008,63.403,2.51086,-2.8333333333333335,2977.0,4736.0,3317.714285714286
2021-03-27,0.6666666666666666,26.166666666666668,0.0882674772036474,65.081,2.392373,-2.875,2216.0,3365.0,3298.1428571428573
2021-03-28,0.5,35.333333333333336,0.0484593837535014,117.651,2.198953,-1.25,3228.0,4357.0,3515.8571428571427
2021-03-29,0.4166666666666667,31.291666666666668,0.059510810220572107,73.824,2.190431,-4.0,5881.0,2957.0,3567.4285714285716
2021-03-30,1.0416666666666667,49.958333333333336,0.3358966393580774,68.226,4.01359,-3.125,3318.0,4166.0,3614.8571428571427
2021-03-31,0.375,28.041666666666668,0.4365517241379309,68.973,2.110641,-4.791666666666667,4498.0,3186.0,3651.714285714286
2021-04-01,0.5833333333333334,33.0,0.0502793296089385,68.458,1.508732,-12.625,3444.0,2977.0,3828.0
2021-04-02,0.6666666666666666,31.291666666666668,0.0468227424749163,66.051,1.689491,-5.041666666666667,4211.0,2216.0,3973.285714285714
2021-04-03,0.625,29.708333333333332,0.06148867313915849,65.862,1.479773,-4.041666666666667,3233.0,3228.0,3944.1428571428573
2021-04-04,0.375,33.25,0.046511627906976695,78.499,1.302543,-2.3333333333333335,3024.0,5881.0,3720.0
2021-04-05,0.4166666666666667,32.0,0.047970479704797,69.462,1.088042,-2.5833333333333335,4312.0,3318.0,3786.714285714286
2021-04-06,0.6666666666666666,31.708333333333332,0.0411522633744856,61.424,0.860824,-3.5833333333333335,3785.0,4498.0,3582.1428571428573
2021-04-07,0.375,27.833333333333332,0.0459770114942528,67.114,0.918788,-3.0416666666666665,3066.0,3444.0,3463.1428571428573
2021-04-08,0.2916666666666667,30.25,0.20474944863312303,81.181,3.0751329999999997,-45.5,2611.0,4211.0,3313.4285714285716
2021-04-09,0.5,32.583333333333336,0.2189528795811518,64.402,2.93634,-0.375,3163.0,3233.0,3164.1428571428573
2021-04-10,0.20833333333333334,20.875,0.10813397129186601,88.95800000000001,2.867898,-1.375,2188.0,3024.0,3202.714285714286
2021-04-11,0.75,36.708333333333336,0.0610687022900763,67.229,0.949404,-3.9583333333333335,3294.0,4312.0,3114.285714285714
2021-04-12,0.2916666666666667,25.083333333333332,0.0462184873949579,76.295,0.773168,-1.75,3693.0,3785.0,3063.5714285714284
2021-04-13,0.6666666666666666,30.291666666666668,0.047008547008547,69.094,0.8740450000000001,-6.5,3430.0,3066.0,3177.4285714285716
2021-04-14,0.3333333333333333,22.708333333333332,0.0502283105022831,71.558,0.9841289999999999,-1.625,3863.0,2611.0,3253.8571428571427
2021-04-15,0.3333333333333333,27.458333333333332,0.045662100456621,80.901,1.63297,-1.8333333333333333,3146.0,3163.0,3275.285714285714
2021-04-16,0.4583333333333333,23.75,0.1921621621621621,69.371,2.395411,-2.5416666666666665,3313.0,2188.0,3437.8571428571427
2021-04-17,0.5416666666666666,38.791666666666664,0.3115763546798029,77.848,2.315205,-2.9166666666666665,3326.0,3294.0,3444.714285714286
2021-04-18,0.5416666666666666,38.041666666666664,0.0583941605839416,71.632,1.051005,-2.0833333333333335,3342.0,3693.0,3377.0
2021-04-19,0.4583333333333333,28.041666666666668,0.0467289719626168,63.951,0.912138,-3.2083333333333335,3219.0,3430.0,3251.714285714286
2021-04-20,0.5833333333333334,33.375,0.0595744680851063,73.821,1.013969,-3.6666666666666665,2553.0,3863.0,3215.714285714286
2021-04-21,0.3333333333333333,25.708333333333332,0.0533980582524271,76.719,0.919407,-1.0833333333333333,3611.0,3146.0,3084.8571428571427
2021-04-22,0.375,26.291666666666668,0.0639269406392694,64.034,1.014651,-3.9166666666666665,2230.0,3313.0,3011.0
2021-04-23,0.5833333333333334,26.875,0.0458715596330275,56.51500000000001,1.063378,-4.166666666666667,2796.0,3326.0,2946.714285714286
2021-04-24,0.4166666666666667,34.166666666666664,0.3522081478945566,70.216,3.1887250000000003,-4.0,2876.0,3342.0,2984.714285714286
2021-04-25,0.7916666666666666,38.5,0.3231950207468879,82.676,2.676494,-2.125,3608.0,3219.0,3141.714285714286
2021-04-26,0.2916666666666667,27.375,0.0406091370558375,57.85999999999999,0.991698,-3.625,4318.0,2553.0,3239.1428571428573
2021-04-27,0.25,26.416666666666668,0.0689655172413793,59.619,1.126509,-5.916666666666667,3235.0,3611.0,3170.0
2021-04-28,0.16666666666666666,19.75,0.0357142857142857,51.167,0.9625340000000001,-9.958333333333334,3127.0,2230.0,3135.285714285714
2021-04-29,0.9583333333333334,40.833333333333336,0.0762711864406779,65.105,1.33973,-5.458333333333333,1987.0,2796.0,3233.285714285714
2021-04-30,0.4583333333333333,22.708333333333332,0.1990049751243781,66.553,2.579066,-5.541666666666667,3482.0,2876.0,3277.714285714286
2021-05-01,0.4166666666666667,33.541666666666664,0.1628118811881188,178.06000000000003,2.927266000000001,-4.666666666666667,3187.0,3608.0,3984.4285714285716
2021-05-02,0.4166666666666667,30.083333333333332,0.7351532567049809,64.002,2.400881,-3.0833333333333335,8555.0,4318.0,3732.1428571428573
2021-05-03,0.625,32.375,0.0685920577617328,66.083,1.239278,-4.208333333333333,2552.0,3235.0,3784.1428571428573
2021-05-04,0.7916666666666666,39.416666666666664,0.0836236933797909,58.431000000000004,1.175538,-8.125,3599.0,3127.0,3903.8571428571427
2021-05-05,0.875,36.75,0.059829059829059804,71.597,0.907193,-3.625,3965.0,1987.0,4222.714285714285
2021-05-06,0.5,35.875,0.04545454545454539,58.71200000000001,1.274254,-4.25,4219.0,3482.0,4144.0
2021-05-07,0.6666666666666666,34.5,0.069078947368421,60.334,1.209703,-5.458333333333333,2931.0,3187.0,4144.571428571428
2021-05-08,0.625,39.875,0.043343653250773904,55.779,1.223218,-4.625,3191.0,8555.0,3336.714285714286
2021-05-09,0.625,35.583333333333336,0.062111801242236,58.818999999999996,1.181367,-4.0,2900.0,2552.0,3399.8571428571427
2021-05-10,0.4583333333333333,32.333333333333336,0.0321543408360128,65.103,0.98596,-3.9583333333333335,2994.0,3599.0,3173.285714285714
2021-05-11,0.3333333333333333,27.583333333333332,0.0321428571428571,58.859,0.922164,-4.041666666666667,2013.0,3965.0,3034.8571428571427
2021-05-12,0.4583333333333333,30.708333333333332,0.028469750889679696,62.641,0.830578,-6.833333333333333,2996.0,4219.0,2941.4285714285716
2021-05-13,0.75,43.5,0.0429042904290429,77.707,0.6882800000000001,-3.75,3565.0,2931.0,3042.4285714285716
2021-05-14,0.7083333333333334,36.583333333333336,0.0773809523809523,65.025,0.91888,-4.25,3638.0,3191.0,3162.714285714286
2021-05-15,0.6666666666666666,35.291666666666664,0.0332225913621262,58.986,0.819413,-3.625,4033.0,2900.0,3202.714285714286
2021-05-16,0.5,35.75,0.029126213592233,64.84,0.966552,-2.9583333333333335,3180.0,2994.0,3181.8571428571427
2021-05-17,0.5833333333333334,30.541666666666668,0.050387596899224806,62.145999999999994,0.8598469999999999,-6.125,2848.0,2013.0,3372.8571428571427
2021-05-18,0.4166666666666667,21.75,0.025104602510460195,64.047,0.955409,-3.2916666666666665,3350.0,2996.0,3301.0
2021-05-19,0.20833333333333334,21.0,0.0521327014218009,68.509,0.874604,-3.4583333333333335,2493.0,3565.0,3113.8571428571427
2021-05-20,0.125,19.458333333333332,0.02,69.456,0.6858460000000001,-4.083333333333333,2255.0,3638.0,2915.4285714285716
2021-05-21,0.4583333333333333,24.0,0.0502793296089385,57.511,0.92399,-22.583333333333332,2249.0,4033.0,2749.1428571428573
2021-05-22,0.125,24.0,0.029850746268656702,63.48,1.238221,-3.9583333333333335,2869.0,3180.0,2556.8571428571427
2021-05-23,0.625,32.041666666666664,0.0383141762452107,69.982,1.123647,-4.541666666666667,1834.0,2848.0,2729.1428571428573
2021-05-24,0.125,21.291666666666668,0.0257731958762886,61.209,0.951331,-4.291666666666667,4054.0,3350.0,2569.8571428571427
2021-05-25,0.4166666666666667,25.833333333333332,0.0247524752475247,44.393,0.894982,-4.416666666666667,2235.0,2493.0,2424.8571428571427
2021-05-26,0.375,27.583333333333332,0.0341463414634146,49.43699999999999,0.915147,-5.916666666666667,1478.0,2255.0,2429.285714285714
2021-05-27,0.4166666666666667,24.958333333333332,0.0448717948717948,70.104,0.853157,-15.333333333333334,2286.0,2249.0,2700.0
2021-05-28,0.20833333333333334,24.125,0.0165745856353591,58.214,1.042143,-6.75,4144.0,2869.0,2535.1428571428573
2021-05-29,0.2916666666666667,22.416666666666668,0.031578947368421,48.483,1.090291,-2.4583333333333335,1715.0,1834.0,2466.5714285714284
2021-05-30,0.375,26.458333333333332,0.0272727272727272,42.835,0.916578,-3.7083333333333335,1354.0,4054.0,2113.0
2021-05-31,0.2916666666666667,20.333333333333332,0.0376344086021505,47.22299999999999,0.916897,-2.4166666666666665,1579.0,2235.0,1987.2857142857142
2021-06-01,0.25,33.458333333333336,0.0350194552529182,50.24100000000001,1.092164,-5.583333333333333,1355.0,1478.0,2334.8571428571427
2021-06-02,0.4166666666666667,45.958333333333336,0.1010063819342169,51.416,5.493927,-4.125,3911.0,2286.0,2382.0
2021-06-03,0.625,43.166666666666664,0.1158267020335985,50.411,6.421789999999999,-100.66666666666667,2616.0,4144.0,2234.714285714286
2021-06-04,0.5833333333333334,41.916666666666664,0.029850746268656702,50.291,2.645549,-3.7083333333333335,3113.0,1715.0,2463.8571428571427
2021-06-05,0.7083333333333334,38.916666666666664,0.0362537764350453,61.92600000000001,2.216784,-3.5,3319.0,1354.0,2845.8571428571427
2021-06-06,1.7916666666666667,92.33333333333333,0.0936254980079681,48.229000000000006,2.706049,-33.958333333333336,4028.0,1579.0,4688.857142857143
2021-06-07,1.5,72.66666666666667,0.063047285464098,48.76500000000001,1.999917,-6.041666666666667,14480.0,1355.0,5471.428571428572
2021-06-08,1.0416666666666667,62.0,0.0520361990950226,48.330999999999996,1.6751820000000002,-66.58333333333333,6833.0,3911.0,5809.428571428572
2021-06-09,0.25,31.75,0.0935344827586207,49.495,4.534748,-0.375,6277.0,2616.0,5649.428571428572
2021-06-10,0.25,29.75,0.1740074441687345,48.692,3.950079,-2.2916666666666665,1496.0,3113.0,5409.142857142857
2021-06-11,0.041666666666666664,22.166666666666668,0.1233333333333333,48.409,3.304938,-0.625,1431.0,3319.0,5069.142857142857
2021-06-12,0.4583333333333333,27.75,0.18512859689330283,51.379,3.269157,-2.9583333333333335,939.0,4028.0,4827.142857142857
2021-06-13,0.3333333333333333,19.625,0.3658536585365853,54.129,3.4121740000000003,-0.20833333333333334,2334.0,14480.0,3060.1428571428573
2021-06-14,0.375,29.583333333333332,0.1299238201412114,54.829,3.163539,-3.7083333333333335,2111.0,6833.0,2310.5714285714284
2021-06-15,0.375,26.666666666666668,0.0626376315145583,60.428,2.762996,-1.125,1586.0,6277.0,1680.857142857143
2021-06-16,0.375,25.541666666666668,0.04347826086956521,62.70000000000001,1.7469089999999998,-8.166666666666666,1869.0,1496.0,1793.857142857143
2021-06-17,0.4583333333333333,27.625,0.035,56.484,1.71988,-1.5,2287.0,1431.0,1819.5714285714287
2021-06-18,0.20833333333333334,22.916666666666668,0.0342465753424657,47.330000000000005,1.35261,-1.4583333333333333,1611.0,939.0,1863.2857142857142
2021-06-19,0.4166666666666667,28.458333333333332,0.0303030303030303,47.285,1.709402,-3.7083333333333335,1245.0,2334.0,1728.0
2021-06-20,0.25,19.833333333333332,0.0275862068965517,50.308,2.032148,-6.416666666666667,1387.0,2111.0,1663.142857142857
2021-06-21,0.3333333333333333,19.416666666666668,0.0775862068965517,48.888,1.6852290000000003,-5.583333333333333,1657.0,1586.0,1669.142857142857
2021-06-22,0.25,17.083333333333332,0.032520325203252,49.722,1.701932,-3.125,1628.0,1869.0,1853.857142857143
2021-06-23,0.20833333333333334,14.416666666666666,0.0234375,56.762,1.654879,-1.9166666666666667,3162.0,2287.0,1842.5714285714287
2021-06-24,0.16666666666666666,15.541666666666666,0.0252100840336134,46.701,1.9500090000000003,-2.4583333333333335,2208.0,1611.0,1781.142857142857
2021-06-25,0.08333333333333333,13.625,0.0229885057471264,54.967999999999996,1.595251,-5.5,1181.0,1245.0,1877.4285714285713
2021-06-26,0.2916666666666667,16.25,0.0158730158730158,46.978,2.20022,-3.0,1919.0,1387.0,1936.857142857143
2021-06-27,0.2916666666666667,17.541666666666668,0.0166666666666666,38.148,1.453343,-3.875,1803.0,1657.0,1900.857142857143
2021-06-28,0.3333333333333333,18.625,0.0158730158730158,48.119,1.16513,-2.5416666666666665,1405.0,1628.0,1886.7142857142858
2021-06-29,0.20833333333333334,15.916666666666666,0.0220588235294117,52.328,1.345962,-2.2916666666666665,1529.0,3162.0,1666.0
2021-06-30,0.375,23.375,0.0445859872611464,45.214,1.656468,-3.0416666666666665,1617.0,2208.0,1603.7142857142858
2021-07-01,0.4583333333333333,21.291666666666668,0.11792071197410998,39.238,2.572189,-2.4166666666666665,1772.0,1181.0,1574.5714285714287
2021-07-02,0.20833333333333334,19.083333333333332,0.4873134328358209,98.66199999999999,2.338373,-1.9583333333333333,977.0,1919.0,1624.142857142857
2021-07-03,0.25,14.916666666666666,0.016260162601626,51.776,1.223785,-0.2916666666666667,2266.0,1803.0,1551.142857142857
2021-07-04,0.4583333333333333,25.25,0.1317829457364341,55.895999999999994,2.105082,-3.2083333333333335,1292.0,1405.0,1653.2857142857142
2021-07-05,0.20833333333333334,20.75,0.0472440944881889,64.757,1.393343,-1.5,2120.0,1529.0,1735.5714285714287
2021-07-06,0.6666666666666666,32.666666666666664,0.5022439820481437,62.314,3.327745,-12.791666666666666,2105.0,1617.0,1931.142857142857
2021-07-07,0.6666666666666666,31.25,0.273191094619666,60.044000000000004,2.868604,-15.291666666666666,2986.0,1772.0,2165.714285714286
2021-07-08,0.75,27.291666666666668,0.0603448275862069,63.311,1.589272,-12.416666666666666,3414.0,977.0,2433.4285714285716
2021-07-09,0.375,22.541666666666668,0.0314960629921259,53.315,1.553921,-9.916666666666666,2851.0,2266.0,2367.714285714286
2021-07-10,0.5416666666666666,29.958333333333332,0.052,59.227,1.493855,-18.541666666666668,1806.0,1292.0,2647.285714285714
2021-07-11,0.625,32.125,0.06148867313915849,64.37,1.7450660000000002,-13.416666666666666,3249.0,2120.0,2777.285714285714
2021-07-12,0.5,28.916666666666668,0.0517928286852589,60.233,1.3563540000000003,-9.291666666666666,3030.0,2105.0,2819.8571428571427
2021-07-13,0.7083333333333334,27.75,0.0553191489361702,63.879,1.309719,-10.625,2403.0,2986.0,2777.285714285714
2021-07-14,0.8333333333333334,37.25,0.225715711628329,57.681000000000004,2.6892410000000004,-13.916666666666666,2688.0,3414.0,2674.4285714285716
2021-07-15,0.6666666666666666,34.625,0.48792343916147657,54.474,2.230809,-19.5,2694.0,2851.0,2694.0
2021-07-16,0.75,33.25,0.1729166666666666,57.09799999999999,2.331566,-12.375,2988.0,1806.0,2843.5714285714284
2021-07-17,0.625,30.666666666666668,1.8132387706855788,58.406,3.8993890000000007,-11.0,2853.0,3249.0,2712.1428571428573
2021-07-18,0.625,24.625,0.042857142857142795,55.330999999999996,1.495089,-14.625,2329.0,3030.0,2736.5714285714284
2021-07-19,0.625,27.75,0.059090909090909,78.075,1.125398,-90.5,3201.0,2403.0,2871.8571428571427
2021-07-20,0.7916666666666666,33.875,0.04247104247104241,51.103,1.094382,-15.791666666666666,3350.0,2688.0,2895.4285714285716
2021-07-21,0.4583333333333333,25.916666666666668,0.0409090909090909,55.70000000000001,1.129265,-13.958333333333334,2853.0,2694.0,2899.5714285714284
2021-07-22,0.2916666666666667,26.125,0.0481927710843373,66.872,0.8139499999999998,-9.916666666666666,2723.0,2988.0,2768.0
2021-07-23,0.6666666666666666,23.958333333333332,0.11392405063291129,53.715,1.094878,-11.166666666666666,2067.0,2853.0,2704.714285714286
2021-07-24,0.2916666666666667,23.458333333333332,0.0365853658536585,54.821,1.178104,-14.958333333333334,2410.0,2329.0,2700.4285714285716
2021-07-25,0.3333333333333333,20.041666666666668,0.0432692307692307,57.98499999999999,1.115717,-9.25,2299.0,3201.0,2583.0
2021-07-26,0.4583333333333333,22.083333333333332,0.0405405405405405,53.988,0.889757,-8.583333333333334,2379.0,3350.0,2350.4285714285716
2021-07-27,0.4583333333333333,22.375,0.0239520958083832,47.34,1.049338,-7.375,1722.0,2853.0,2222.4285714285716
2021-07-28,0.4583333333333333,21.416666666666668,0.1550650820599886,50.237,2.02308,-4.583333333333333,1957.0,2723.0,2019.2857142857142
2021-07-29,0.5,24.25,0.0297619047619047,63.112,0.902962,-8.625,1301.0,2067.0,2056.714285714286
2021-07-30,0.4583333333333333,30.875,0.1611111111111111,54.267,2.140958,-7.875,2329.0,2410.0,1936.5714285714287
2021-07-31,0.5,29.208333333333332,0.6968414197329861,59.936,2.4794400000000003,-11.666666666666666,1569.0,2299.0,1973.7142857142858
2021-08-01,0.375,25.208333333333332,0.0478468899521531,57.993,1.038701,-8.083333333333334,2559.0,2379.0,1964.5714285714287
2021-08-02,0.3333333333333333,20.5,0.0326086956521739,64.484,1.046019,-33.208333333333336,2315.0,1722.0,2141.285714285714
2021-08-03,0.4166666666666667,23.166666666666668,0.0481283422459893,56.99100000000001,1.057698,-7.083333333333333,2959.0,1957.0,2129.4285714285716
2021-08-04,0.2916666666666667,21.625,0.1306818181818181,47.51500000000001,1.113459,-5.5,1874.0,1301.0,2213.5714285714284
2021-08-05,0.16666666666666666,17.5,0.0177514792899408,49.778,1.301048,-2.5,1890.0,2329.0,2086.4285714285716
2021-08-06,0.3333333333333333,18.666666666666668,0.0526315789473684,52.842000000000006,1.149916,-3.125,1439.0,1569.0,2148.285714285714
2021-08-07,0.2916666666666667,23.708333333333332,0.0377358490566037,50.03900000000001,1.387894,-1.875,2002.0,2559.0,2061.0
2021-08-08,0.2916666666666667,22.041666666666668,0.0365853658536585,46.455000000000005,1.4596790000000002,-5.5,1948.0,2315.0,2074.4285714285716
2021-08-09,0.16666666666666666,16.666666666666668,0.0346820809248554,48.008,1.378035,-2.25,2409.0,2959.0,1805.2857142857142
2021-08-10,0.16666666666666666,17.916666666666668,0.0628571428571428,48.508,1.5,-3.5416666666666665,1075.0,1874.0,1809.857142857143
2021-08-11,0.08333333333333333,13.958333333333334,0.014705882352941102,56.22,1.206605,-2.2916666666666665,1906.0,1890.0,1643.0
2021-08-12,0.20833333333333334,15.666666666666666,0.0357142857142857,54.434,1.103027,-7.208333333333333,722.0,1439.0,1697.142857142857
2021-08-13,0.16666666666666666,21.083333333333332,0.0401155518494252,53.055,2.677813,-15.958333333333334,1818.0,2002.0,1596.142857142857
2021-08-14,0.4166666666666667,25.041666666666668,0.1210494931425164,45.828,4.433698,-4.583333333333333,1295.0,1948.0,1502.857142857143
2021-08-15,0.375,29.791666666666668,0.0289855072463768,159.386,1.913876,-30.625,1295.0,2409.0,2038.2857142857142
2021-08-16,0.375,21.625,0.026595744680851,47.52,0.966079,-6.125,6157.0,1075.0,2126.714285714286
2021-08-17,0.5,31.083333333333332,0.0760577915376677,46.65200000000001,2.462555,-3.125,1694.0,1906.0,2020.2857142857142
2021-08-18,0.20833333333333334,16.25,3.0,49.056000000000004,3.051539,-2.9583333333333335,1161.0,722.0,2017.857142857143
2021-08-19,0.125,16.583333333333332,0.0136054421768707,42.673,1.554184,-4.25,705.0,1818.0,1911.857142857143
2021-08-20,0.25,23.166666666666668,0.028414563667886705,43.006,2.562912,-2.625,1076.0,1295.0,1845.2857142857142
2021-08-21,0.20833333333333334,25.0,0.0243386243386243,50.965,3.034476,-2.0833333333333335,829.0,1295.0,1776.2857142857142
2021-08-22,0.2916666666666667,20.041666666666668,0.0408163265306122,51.441,1.77403,-4.666666666666667,812.0,6157.0,1094.142857142857
2021-08-23,0.0,14.791666666666666,0.037037037037037,43.233,1.383612,-1.8333333333333333,1382.0,1694.0,981.1428571428571
2021-08-24,0.25,21.625,0.0194805194805194,43.092999999999996,1.423883,-3.1666666666666665,903.0,1161.0,919.5714285714286
2021-08-25,0.08333333333333333,15.666666666666666,0.0,53.502,1.468593,-3.6666666666666665,730.0,705.0,963.7142857142857
2021-08-26,0.08333333333333333,12.125,0.0117647058823529,49.34,2.381844,-3.375,1014.0,1076.0,950.0
2021-08-27,0.20833333333333334,11.791666666666666,0.044776119402985,42.736,1.075992,-0.8333333333333334,980.0,829.0,898.4285714285714
2021-08-28,0.0,10.958333333333334,0.010869565217391302,50.322,1.369747,-4.333333333333333,468.0,812.0,904.8571428571429
2021-08-29,0.16666666666666666,14.125,0.0347826086956521,39.124,1.3637,-3.7916666666666665,857.0,1382.0,813.2857142857143
2021-08-30,0.25,23.25,0.1164316416559837,42.188,4.712425,-3.875,741.0,903.0,806.1428571428571
2021-08-31,0.4166666666666667,22.833333333333332,0.1147373788883222,47.743,4.504237,-8.125,853.0,730.0,904.7142857142857
2021-09-01,0.4583333333333333,37.125,0.17452264048008734,44.296,5.667753,-7.166666666666667,1420.0,1014.0,986.7142857142857
2021-09-02,0.2916666666666667,20.625,0.0236220472440944,60.309,3.282337,-9.041666666666666,1588.0,980.0,1095.5714285714287
2021-09-03,0.16666666666666666,24.75,0.019047619047619,46.520999999999994,2.044772,-5.208333333333333,1742.0,468.0,1187.142857142857
2021-09-04,0.5416666666666666,28.666666666666668,0.032,54.03799999999999,2.309117,-20.125,1109.0,857.0,1619.142857142857
2021-09-05,0.7083333333333334,38.791666666666664,0.0158730158730158,55.529,2.308831,-15.583333333333334,3881.0,741.0,1901.0
2021-09-06,0.375,20.25,0.0326086956521739,61.107,1.7908669999999998,-18.041666666666668,2714.0,853.0,2235.4285714285716
2021-09-07,0.20833333333333334,18.833333333333332,0.0526315789473684,46.649,1.4826559999999998,-13.625,3194.0,1420.0,2389.1428571428573
2021-09-08,0.375,24.25,0.0392156862745098,54.395,1.6144170000000002,-16.916666666666668,2496.0,1588.0,2603.1428571428573
2021-09-09,0.7916666666666666,45.416666666666664,0.0849056603773584,45.69,1.682537,-48.791666666666664,3086.0,1742.0,3539.8571428571427
2021-09-10,0.3333333333333333,20.291666666666668,0.2884483937115516,48.18699999999999,3.427775,-10.5,8299.0,1109.0,3640.8571428571427
2021-09-11,0.4166666666666667,27.75,0.1465116279069767,41.634,3.6826190000000003,-5.458333333333333,1816.0,3881.0,3229.1428571428573
2021-09-12,0.375,22.458333333333332,0.012500000000000002,42.5,1.793468,-6.541666666666667,999.0,2714.0,3037.4285714285716
2021-09-13,0.25,28.125,0.077491554054054,46.64000000000001,2.7980700000000005,-8.916666666666666,1372.0,3194.0,2793.285714285714
2021-09-14,0.16666666666666666,21.375,0.0095238095238095,52.729000000000006,3.267263,-7.583333333333333,1485.0,2496.0,2609.285714285714
2021-09-15,0.125,27.541666666666668,0.0181818181818181,49.936,3.7741400000000005,-0.25,1208.0,3086.0,2353.8571428571427
2021-09-16,0.20833333333333334,31.791666666666668,0.0754243827160493,44.303,4.975689,-0.3333333333333333,1298.0,8299.0,1332.7142857142858
2021-09-17,0.25,26.5,0.0383816684568564,51.528,3.260845,-0.25,1151.0,1816.0,1213.142857142857
2021-09-18,0.25,27.708333333333332,0.0462745098039215,90.0,3.666967,-5.25,979.0,999.0,1276.142857142857
2021-09-19,0.20833333333333334,29.791666666666668,0.0454159592529711,44.82500000000001,3.7171369999999997,-2.8333333333333335,1440.0,1372.0,1161.4285714285713
2021-09-20,0.375,32.458333333333336,0.0552902011868577,48.83700000000001,3.394486,-6.0,569.0,1485.0,1214.2857142857142
2021-09-21,0.75,36.208333333333336,0.0643357744704307,69.178,3.3626050000000003,-2.2083333333333335,1855.0,1208.0,1501.857142857143
2021-09-22,0.5833333333333334,32.875,0.1418400876232201,66.331,3.449495,-2.375,3221.0,1298.0,1742.7142857142858
2021-09-23,0.5833333333333334,37.041666666666664,0.0762083780880773,67.312,3.2328069999999998,-1.8333333333333333,2984.0,1151.0,2002.7142857142858
2021-09-24,0.9583333333333334,40.083333333333336,0.1002079002079002,59.796,3.137355,-1.25,2971.0,979.0,2127.5714285714284
2021-09-25,0.75,36.75,0.1391834570519618,67.106,3.198672,-0.9583333333333334,1853.0,1440.0,2170.8571428571427
2021-09-26,0.5833333333333334,34.458333333333336,0.054579179225597,49.815,3.136037,-3.25,1743.0,569.0,2409.5714285714284
2021-09-27,0.625,37.791666666666664,0.0638440860215053,54.242,2.697709,-2.0833333333333335,2240.0,1855.0,2369.285714285714
2021-09-28,0.16666666666666666,28.75,0.0650191003352303,57.613,2.752796,-0.4166666666666667,1573.0,3221.0,2147.714285714286
2021-09-29,0.2916666666666667,28.416666666666668,0.040919540229885,54.52,2.8903820000000002,-1.2083333333333333,1670.0,2984.0,1916.142857142857
2021-09-30,0.5,22.083333333333332,0.0545454545454545,69.814,3.0016610000000004,-31.416666666666668,1363.0,2971.0,1761.0
2021-10-01,0.25,20.958333333333332,0.080650406504065,64.52,2.252226,-0.7083333333333334,1885.0,1853.0,1717.2857142857142
2021-10-02,0.20833333333333334,24.833333333333332,0.0605222734254992,68.298,2.7533809999999996,-21.416666666666668,1547.0,1743.0,1721.857142857143
2021-10-03,0.625,33.416666666666664,0.0179640718562874,63.987,2.623492,-2.7083333333333335,1775.0,2240.0,1785.4285714285713
2021-10-04,0.20833333333333334,24.875,0.0696894409937888,61.971,2.75403,-5.083333333333333,2685.0,1573.0,1870.5714285714287
2021-10-05,0.20833333333333334,25.5,0.0364963503649635,59.11600000000001,3.063283,-0.4166666666666667,2169.0,1670.0,1974.4285714285713
2021-10-06,0.4583333333333333,33.458333333333336,0.1274197500612595,61.859,3.587387,-1.25,2397.0,1363.0,2218.1428571428573
2021-10-07,0.7083333333333334,38.0,0.11656725063798472,60.225,3.152234,-9.916666666666666,3069.0,1885.0,2482.1428571428573
2021-10-08,0.20833333333333334,23.666666666666668,0.1889232886136911,68.196,3.4046110000000005,-7.708333333333333,3733.0,1547.0,2739.8571428571427
2021-10-09,0.4166666666666667,34.208333333333336,0.05612244897959181,62.931999999999995,3.73087,-1.375,3351.0,1775.0,2899.714285714286
2021-10-10,0.6666666666666666,36.0,0.1006211180124223,59.048,3.4865860000000004,-1.5,2894.0,2685.0,3136.285714285714
2021-10-11,0.25,24.583333333333332,0.0105820105820105,60.544999999999995,3.255676,-0.20833333333333334,4341.0,2169.0,3103.1428571428573
2021-10-12,0.625,30.5,0.1467767563273181,50.355,3.12916,-3.75,1937.0,2397.0,2942.4285714285716
2021-10-13,0.875,54.5,0.12181419567004652,53.124,3.265209,-8.666666666666666,1272.0,3069.0,2848.1428571428573
2021-10-14,0.5416666666666666,33.583333333333336,0.1224789915966386,54.502,2.031702,-0.2916666666666667,2409.0,3733.0,2525.0
2021-10-15,0.25,21.416666666666668,0.0990407052113041,49.26500000000001,2.021548,-2.6666666666666665,1471.0,3351.0,2285.5714285714284
2021-10-16,0.4583333333333333,26.0,0.04729729729729729,61.488,1.943453,-0.5416666666666666,1675.0,2894.0,2056.5714285714284
2021-10-17,0.375,31.833333333333332,0.0213903743315508,55.583,2.323115,-1.2083333333333333,1291.0,4341.0,1627.0
2021-10-18,0.25,22.958333333333332,0.0279720279720279,63.047,2.1595690000000003,-2.8333333333333335,1334.0,1937.0,1539.4285714285713
2021-10-19,0.5,26.958333333333332,0.0272108843537414,75.451,2.3464020000000003,-2.8333333333333335,1324.0,1272.0,1691.857142857143
2021-10-20,0.20833333333333334,22.416666666666668,0.0607056760902914,44.395,2.476334,-1.5,2339.0,2409.0,1495.7142857142858
2021-10-21,0.25,19.708333333333332,0.0579234972677595,45.31,2.502533,-0.8333333333333334,1036.0,1471.0,1473.2857142857142
2021-10-22,0.08333333333333333,23.541666666666668,0.1508544400366188,60.577,4.186603,-3.0833333333333335,1314.0,1675.0,1467.5714285714287
2021-10-23,0.3333333333333333,23.625,0.0788435828877005,52.894,5.097433,-0.4166666666666667,1635.0,1291.0,1426.7142857142858
2021-10-24,0.2916666666666667,20.416666666666668,0.0424603174603174,53.857,2.694119,-2.4166666666666665,1005.0,1334.0,1397.7142857142858
2021-10-25,0.20833333333333334,19.583333333333332,0.1106060606060606,44.886,2.4151040000000004,-1.7083333333333333,1131.0,1324.0,1413.7142857142858
2021-10-26,0.3333333333333333,23.416666666666668,0.04646153846153841,51.04,2.618894,0.0,1436.0,2339.0,1261.857142857143
2021-10-27,0.375,21.083333333333332,0.0817157919961658,40.707,2.935666,-6.458333333333333,1276.0,1036.0,1286.142857142857
2021-10-28,0.041666666666666664,11.916666666666666,0.0,59.0,2.51085,-0.4166666666666667,1206.0,1314.0,1258.5714285714287
2021-10-29,0.25,16.083333333333332,0.1136950904392764,54.725,2.568218,-2.5833333333333335,1121.0,1635.0,1243.857142857143
2021-10-30,0.25,17.875,0.032258064516129,56.327,2.7652750000000004,-0.625,1532.0,1005.0,1317.4285714285713
2021-10-31,0.25,18.125,0.0647773279352226,61.909,2.361375,-0.4166666666666667,1520.0,1131.0,1394.5714285714287
2021-11-01,0.20833333333333334,21.25,0.0105263157894736,51.655,2.529228,-0.4166666666666667,1671.0,1436.0,1403.4285714285713
2021-11-02,0.20833333333333334,18.125,0.0,49.308,2.8174900000000007,-0.6666666666666666,1498.0,1276.0,1446.4285714285713
2021-11-03,0.20833333333333334,15.333333333333334,0.0333333333333333,62.74,2.7756330000000005,-4.125,1577.0,1206.0,1564.142857142857
2021-11-04,0.20833333333333334,15.5,0.0,50.93699999999999,2.383833,-1.7916666666666667,2030.0,1121.0,1687.5714285714287
2021-11-05,0.2916666666666667,16.708333333333332,0.1476190476190476,57.608,2.708069,-0.5833333333333334,1985.0,1532.0,1773.142857142857
2021-11-06,0.375,17.5,0.0555555555555555,53.68800000000001,2.6790560000000005,-0.9583333333333334,2131.0,1520.0,1900.4285714285713
2021-11-07,0.2916666666666667,17.75,0.24347826086956523,52.03,3.459876,-2.9166666666666665,2411.0,1671.0,1966.2857142857142
2021-11-08,0.08333333333333333,17.958333333333332,0.0,57.415,3.2789179999999996,-122.58333333333333,2132.0,1498.0,1928.4285714285713
2021-11-09,0.16666666666666666,12.375,0.0,44.558,2.28523,-0.9166666666666666,1233.0,1577.0,1919.5714285714287
2021-11-10,0.375,25.166666666666668,0.0714285714285714,55.758,3.463657,-4.208333333333333,1515.0,2030.0,1991.2857142857142
2021-11-11,0.7083333333333334,42.083333333333336,0.0754716981132075,61.11600000000001,2.772007,-10.125,2532.0,1985.0,3441.0
2021-11-12,0.375,22.125,0.5219846712384026,63.297,5.431656,-2.0416666666666665,12133.0,2131.0,3394.5714285714284
2021-11-13,0.16666666666666666,17.041666666666668,0.21212121212121207,47.315,5.563261999999999,0.0,1806.0,2411.0,3178.5714285714284
2021-11-14,0.20833333333333334,20.0,0.3200542005420054,57.354000000000006,5.723295,-2.0833333333333335,899.0,2132.0,3152.5714285714284
2021-11-15,0.20833333333333334,16.75,1.410294117647059,70.687,4.367306,0.0,1950.0,1233.0,3283.0
2021-11-16,0.7916666666666666,72.29166666666667,0.0120481927710843,51.88399999999999,2.9328260000000004,-2.7083333333333335,2146.0,1515.0,3388.4285714285716
2021-11-17,0.20833333333333334,22.791666666666668,0.0333333333333333,61.6,3.053535,-10.125,2253.0,2532.0,3194.8571428571427
2021-11-18,0.20833333333333334,18.333333333333332,0.21123595505617968,63.24100000000001,4.567197999999999,-3.75,1177.0,12133.0,1705.4285714285713
2021-11-19,0.125,12.833333333333334,0.0133333333333333,51.41299999999999,1.7359280000000001,-1.0416666666666667,1707.0,1806.0,1638.2857142857142
2021-11-20,0.20833333333333334,20.708333333333332,0.0813953488372093,46.846,1.89462,0.0,1336.0,899.0,1671.4285714285713
2021-11-21,0.125,14.333333333333334,0.0384615384615384,60.47299999999999,2.201177,-1.6666666666666667,1131.0,1950.0,1536.2857142857142
2021-11-22,0.2916666666666667,16.875,0.029850746268656702,47.02,1.546048,-1.0833333333333333,1004.0,2146.0,1411.857142857143
2021-11-23,0.20833333333333334,17.541666666666668,0.0138888888888888,52.693999999999996,1.720515,-1.2083333333333333,1275.0,2253.0,1255.5714285714287
2021-11-24,0.125,13.875,0.022471910112359505,63.272,1.926164,0.0,1159.0,1177.0,1186.857142857143
2021-11-25,0.20833333333333334,19.0,0.0103092783505154,46.357,1.717849,-0.9166666666666666,696.0,1707.0,1117.5714285714287
2021-11-26,0.20833333333333334,18.291666666666668,0.0,45.98,1.948862,-0.625,1222.0,1336.0,1077.7142857142858
2021-11-27,0.16666666666666666,17.041666666666668,0.0113636363636363,41.598,2.396916,-1.8333333333333333,1057.0,1131.0,1058.7142857142858
2021-11-28,0.125,16.541666666666668,0.010204081632653,50.61600000000001,2.344071,-0.7083333333333334,998.0,1004.0,1103.2857142857142
2021-11-29,0.2916666666666667,13.958333333333334,0.02,52.611,1.814974,-1.2916666666666667,1316.0,1275.0,1097.2857142857142
2021-11-30,0.16666666666666666,14.708333333333334,0.0,42.185,1.290732,-1.5833333333333333,1233.0,1159.0,1112.4285714285713
2021-12-01,0.25,16.916666666666668,0.0,59.07,1.384145,-22.75,1265.0,696.0,1406.7142857142858
2021-12-02,0.5416666666666666,31.791666666666668,0.0317460317460317,55.596,1.539891,-34.541666666666664,2756.0,1222.0,1843.142857142857
2021-12-03,0.7083333333333334,29.416666666666668,0.02803738317757,50.28799999999999,1.5317680000000002,-21.708333333333332,4277.0,1057.0,2097.4285714285716
2021-12-04,0.4583333333333333,27.166666666666668,0.0618556701030927,67.654,1.329382,-32.791666666666664,2837.0,998.0,2535.285714285714
2021-12-05,0.5416666666666666,31.208333333333332,0.0689655172413793,53.282000000000004,1.569992,-27.791666666666668,4063.0,1316.0,2871.5714285714284
2021-12-06,0.5416666666666666,27.333333333333332,0.0096153846153846,52.44899999999999,1.4176910000000003,-26.083333333333332,3670.0,1233.0,3196.714285714286
2021-12-07,0.5,28.916666666666668,0.0104166666666666,53.205000000000005,1.407337,-19.583333333333332,3509.0,1265.0,3357.1428571428573
2021-12-08,0.375,24.208333333333332,0.0519480519480519,54.698,1.118329,-30.166666666666668,2388.0,2756.0,3451.285714285714
2021-12-09,0.375,33.25,0.0142857142857142,56.06,1.4732519999999998,-22.166666666666668,3415.0,4277.0,3272.714285714286
2021-12-10,0.5833333333333334,40.083333333333336,0.0169491525423728,53.912,1.639102,-33.208333333333336,3027.0,2837.0,3398.0
2021-12-11,1.125,45.583333333333336,0.0588235294117647,62.764,1.7903200000000001,-65.79166666666667,3714.0,4063.0,3962.714285714286
2021-12-12,1.25,62.833333333333336,0.050632911392405,55.782999999999994,2.437043,-114.5,8016.0,3670.0,5507.714285714285
2021-12-13,0.125,31.583333333333332,0.0,54.242,1.660544,-1.375,14485.0,3509.0,5316.142857142857
2021-12-14,0.08333333333333333,17.75,0.047619047619047596,53.102,1.4306150000000002,-2.625,2168.0,2388.0,5164.571428571428
2021-12-15,0.2916666666666667,19.541666666666668,0.025000000000000005,60.262,1.963876,-4.0,1327.0,3415.0,4969.285714285715
2021-12-16,0.16666666666666666,17.666666666666668,0.012820512820512798,43.151,1.988555,-26.916666666666668,2048.0,3027.0,4721.571428571428
2021-12-17,0.125,16.791666666666668,0.0,63.79999999999999,1.5799969999999999,-2.4166666666666665,1293.0,3714.0,4327.714285714285
2021-12-18,0.08333333333333333,14.166666666666666,0.0,43.475,2.39521,-0.5416666666666666,957.0,8016.0,3300.285714285714
2021-12-19,0.375,22.75,0.0229885057471264,42.146,2.564968,-1.4166666666666667,824.0,14485.0,1383.142857142857
2021-12-20,0.20833333333333334,15.708333333333334,0.0,41.772,1.6896829999999998,-0.5,1065.0,2168.0,1170.4285714285713
2021-12-21,0.041666666666666664,20.458333333333332,0.0104166666666666,31.05,2.541035,-0.16666666666666666,679.0,1327.0,1033.857142857143
2021-12-22,0.08333333333333333,16.166666666666668,0.0172413793103448,40.843,2.666667,-1.7083333333333333,371.0,2048.0,831.0
2021-12-23,0.125,19.166666666666668,0.024390243902439,38.051,2.302536,-0.625,628.0,1293.0,701.8571428571429
2021-12-24,0.625,34.291666666666664,0.048780487804878,52.251,2.050562,-39.875,389.0,957.0,1291.7142857142858
2021-12-25,0.875,38.5,0.047619047619047596,56.369,2.313223,-60.375,5086.0,824.0,2091.1428571428573
2021-12-26,0.4583333333333333,37.166666666666664,0.0169491525423728,57.601,2.543584,-63.666666666666664,6420.0,1065.0,2778.5714285714284
2021-12-27,0.5833333333333334,38.208333333333336,0.09756097560975611,59.685,2.116142,-117.125,5877.0,679.0,3611.5714285714284
2021-12-28,0.4583333333333333,45.708333333333336,0.0666666666666666,58.482,2.560124,-55.791666666666664,6510.0,371.0,4424.428571428572
2021-12-29,0.6666666666666666,40.541666666666664,0.0578512396694214,53.014,2.485236,-50.583333333333336,6061.0,628.0,5159.285714285715
2021-12-30,0.7916666666666666,49.208333333333336,0.0296296296296296,45.731,2.41604,-109.20833333333333,5772.0,389.0,5797.714285714285
2021-12-31,0.7083333333333334,38.541666666666664,0.0344827586206896,47.394,2.093819,-51.208333333333336,4858.0,5086.0,5842.142857142857
2022-01-01,0.75,42.333333333333336,0.0585365853658536,48.74699999999999,2.348377,-49.25,5397.0,6420.0,5797.142857142857
2022-01-02,0.4166666666666667,53.583333333333336,0.0089686098654708,59.198,2.262154,-5.5,6105.0,5877.0,5650.857142857143
2022-01-03,0.375,38.541666666666664,0.0373831775700934,55.097,2.093145,-4.625,4853.0,6510.0,5200.857142857143
2022-01-04,0.20833333333333334,37.291666666666664,0.0358974358974358,53.186,1.974037,-0.4166666666666667,3360.0,6061.0,4721.714285714285
2022-01-05,0.375,36.708333333333336,0.05128205128205119,46.008,1.856558,-9.166666666666666,2707.0,5772.0,4271.571428571428
2022-01-06,0.3333333333333333,30.583333333333332,0.0320855614973262,34.342,1.6162210000000001,0.0,2621.0,4858.0,3760.4285714285716
2022-01-07,0.16666666666666666,32.875,0.0271739130434782,45.256,1.789553,-2.5,1280.0,5397.0,3255.0
2022-01-08,0.5833333333333334,39.208333333333336,0.030612244897959096,57.63399999999999,1.866421,-1.875,1859.0,6105.0,3181.1428571428573
2022-01-09,1.5,66.08333333333333,0.075268817204301,62.08700000000001,1.7432740000000002,-6.5,5588.0,4853.0,4122.142857142857
2022-01-10,0.8333333333333334,71.58333333333333,0.0276243093922651,54.24,1.857076,-11.375,11440.0,3360.0,4911.285714285715
2022-01-11,0.5833333333333334,53.916666666666664,0.0479041916167664,56.526,1.800693,-4.416666666666667,8884.0,2707.0,5674.714285714285
2022-01-12,0.5833333333333334,41.958333333333336,0.021428571428571398,53.64000000000001,2.021726,-14.5,8051.0,2621.0,6340.285714285715
2022-01-13,0.75,49.041666666666664,0.044117647058823505,62.483,1.735882,-23.416666666666668,7280.0,1280.0,7531.571428571428
2022-01-14,0.5,37.375,0.0521739130434782,54.67499999999999,1.765415,-22.125,9619.0,1859.0,8249.714285714286
2022-01-15,0.5,50.875,0.0259740259740259,47.885,2.20741,-15.583333333333334,6886.0,5588.0,8541.857142857143
2022-01-16,0.8333333333333334,55.875,0.0357142857142857,52.802,2.150988,-13.416666666666666,7633.0,11440.0,8181.571428571428
2022-01-17,0.375,45.416666666666664,0.0168539325842696,43.012,2.016774,-10.25,8918.0,8884.0,7683.714285714285
2022-01-18,0.7916666666666666,59.083333333333336,0.04545454545454539,49.07500000000001,1.549593,-10.916666666666666,5399.0,8051.0,7523.428571428572
2022-01-19,0.5833333333333334,50.25,0.044117647058823505,49.469,1.451416,-8.25,6929.0,7280.0,7290.571428571428
2022-01-20,0.5,47.666666666666664,0.04347826086956521,42.74100000000001,1.639457,-12.5,5650.0,9619.0,6728.428571428572
2022-01-21,0.3333333333333333,30.541666666666668,0.0283018867924528,44.14000000000001,1.479763,-11.25,5684.0,6886.0,6304.428571428572
2022-01-22,0.2916666666666667,35.791666666666664,0.0212765957446808,46.279,1.79617,-7.291666666666667,3918.0,7633.0,5819.714285714285
2022-01-23,0.625,44.958333333333336,0.05095541401273881,40.699,1.730977,-7.333333333333333,4240.0,8918.0,4962.857142857143
2022-01-24,0.4583333333333333,38.166666666666664,0.05228758169934641,42.544,1.7599410000000002,-13.333333333333334,2920.0,5399.0,4549.0
2022-01-25,0.25,32.5,0.0137931034482758,60.681999999999995,1.812781,-1.125,2502.0,6929.0,3697.285714285714
2022-01-26,0.125,22.541666666666668,0.0248447204968944,39.98,2.040153,-6.333333333333333,967.0,5650.0,2958.5714285714284
2022-01-27,0.08333333333333333,17.833333333333332,0.0053475935828877,35.148,2.108411,-0.08333333333333333,479.0,5684.0,2175.5714285714284
2022-01-28,0.16666666666666666,19.625,0.0,65.83,1.848712,-0.2916666666666667,203.0,3918.0,1644.0
2022-01-29,0.125,17.541666666666668,0.0,45.907999999999994,1.8442300000000003,-0.8333333333333334,197.0,4240.0,1088.7142857142858
2022-01-30,0.08333333333333333,14.708333333333334,0.0069444444444444,80.47,2.076419,-0.20833333333333334,353.0,2920.0,728.7142857142857
2022-01-31,0.08333333333333333,15.916666666666666,0.0,58.0,1.528053,0.0,400.0,2502.0,387.85714285714283
2022-02-01,0.0,10.958333333333334,0.03125,79.24,1.6517159999999997,-1.2916666666666667,116.0,967.0,328.85714285714283
2022-02-02,0.0,11.0,0.0,147.0,1.86628,0.0,554.0,479.0,281.42857142857144
2022-02-03,0.041666666666666664,12.291666666666666,0.0166666666666666,80.752,1.644683,-0.25,147.0,203.0,310.0
2022-02-04,0.08333333333333333,12.583333333333334,0.04,35.88,1.814725,-0.25,403.0,197.0,292.0
2022-02-05,0.041666666666666664,13.958333333333334,0.010204081632653,58.744,1.772333,-0.2916666666666667,71.0,353.0,300.0
2022-02-06,0.08333333333333333,11.375,0.0113636363636363,58.888,1.854749,-0.25,409.0,400.0,293.14285714285717
2022-02-07,0.08333333333333333,10.541666666666666,0.0253164556962025,28.515,1.738722,0.0,352.0,116.0,284.7142857142857
2022-02-08,0.0,14.041666666666666,0.0,0.0,1.93335,0.0,57.0,554.0,193.57142857142858
2022-02-09,0.0,13.958333333333334,0.0491803278688524,39.0,3.18371,0.0,-84.0,147.0,183.71428571428572
2022-02-10,0.08333333333333333,11.125,0.1344841429144921,39.0,2.214471,-1.625,78.0,403.0,142.85714285714286
2022-02-11,0.041666666666666664,14.333333333333334,0.5581395348837209,78.0,2.666319,0.0,117.0,71.0,166.14285714285714
2022-02-12,0.041666666666666664,9.541666666666666,0.1526315789473684,68.25,2.912832,0.0,234.0,409.0,144.0
2022-02-13,0.125,13.083333333333334,0.0943396226415094,104.0,1.440768,0.0,254.0,352.0,138.28571428571428
2022-02-14,0.041666666666666664,10.375,0.0,101.40000000000002,0.9895390000000001,0.0,312.0,57.0,202.57142857142858
2022-02-15,0.08333333333333333,9.875,0.0,108.27,0.936508,-0.16666666666666666,507.0,-84.0,291.85714285714283
2022-02-16,0.041666666666666664,8.708333333333334,0.0,104.0,1.136037,0.0,541.0,78.0,321.42857142857144
2022-02-17,0.0,7.916666666666667,0.0,78.0,1.020715,0.0,285.0,117.0,308.7142857142857
2022-02-18,0.0,8.333333333333334,0.0,78.0,0.809199,0.0,28.0,234.0,286.42857142857144
2022-02-19,0.041666666666666664,8.458333333333334,0.02,39.0,1.244534,0.0,78.0,254.0,255.71428571428572
2022-02-20,0.041666666666666664,7.416666666666667,0.0,39.0,1.039805,0.0,39.0,312.0,216.71428571428572
2022-02-21,0.041666666666666664,10.791666666666666,0.0,56.16,1.108917,-0.16666666666666666,39.0,507.0,160.28571428571428
2022-02-22,0.16666666666666666,10.375,0.0,53.625,1.225383,-1.625,112.0,541.0,140.14285714285714
2022-02-23,0.08333333333333333,8.416666666666666,0.0,54.369,1.120972,-0.4166666666666667,400.0,285.0,192.57142857142858
2022-02-24,0.4166666666666667,14.25,0.1111111111111111,86.666,1.3499480000000001,0.0,652.0,28.0,290.2857142857143
2022-02-25,0.125,8.5,0.10000000000000002,72.977,0.948104,-2.875,712.0,78.0,424.85714285714283
2022-02-26,0.20833333333333334,11.458333333333334,0.0588235294117647,76.736,1.5276889999999999,-1.125,1020.0,39.0,660.4285714285714
2022-02-27,0.20833333333333334,12.708333333333334,0.074074074074074,81.9,2.477764,0.0,1688.0,39.0,888.8571428571429
2022-02-28,0.125,11.416666666666666,0.0,73.09,1.416049,-0.625,1638.0,112.0,987.7142857142857
2022-03-01,0.08333333333333333,7.583333333333333,0.0,85.8,1.459035,0.0,804.0,400.0,1053.142857142857
2022-03-02,0.20833333333333334,10.0,0.0,101.782,1.380898,-3.875,858.0,652.0,1236.0
2022-03-03,0.041666666666666664,6.5,0.0,74.0,1.3636360000000003,-1.0416666666666667,1932.0,712.0,1303.4285714285713
2022-03-04,0.0,4.083333333333333,0.0,76.866,1.630435,-2.0416666666666665,1184.0,1020.0,1256.4285714285713
2022-03-05,0.0,4.833333333333333,0.0,69.333,1.6898609999999998,0.0,691.0,1688.0,1104.4285714285713
2022-03-06,0.08333333333333333,9.75,0.0,89.935,0.81716,-1.9583333333333333,624.0,1638.0,1136.2857142857142
2022-03-07,0.041666666666666664,6.875,0.0769230769230769,67.193,1.575456,-1.875,1861.0,804.0,1165.2857142857142
2022-03-08,0.16666666666666666,6.375,0.0769230769230769,72.823,1.512456,-0.4166666666666667,1007.0,858.0,1214.0
2022-03-09,0.08333333333333333,7.666666666666667,0.1111111111111111,69.642,1.597676,0.0,1199.0,1932.0,1077.2857142857142
2022-03-10,0.08333333333333333,7.875,0.0,67.363,1.56658,0.0,975.0,1184.0,1014.0
2022-03-11,0.041666666666666664,4.416666666666667,0.0,65.166,1.057269,-0.75,741.0,691.0,1079.857142857143
2022-03-12,0.041666666666666664,8.875,0.05000000000000001,85.195,2.580645,-0.75,1152.0,624.0,1221.7142857142858
2022-03-13,0.08333333333333333,7.666666666666667,0.0,90.663,1.076233,-1.3333333333333333,1617.0,1861.0,1240.7142857142858
2022-03-14,0.08333333333333333,7.958333333333333,0.0,48.0,0.930233,0.0,1994.0,1007.0,1186.0
2022-03-15,0.125,9.875,0.0,72.31,0.893744,-6.083333333333333,624.0,1199.0,1210.7142857142858
2022-03-16,0.041666666666666664,3.0416666666666665,0.0,47.23,1.193756,-0.4166666666666667,1372.0,975.0,1159.142857142857
2022-03-17,0.041666666666666664,8.166666666666666,0.0625,73.125,1.693719,0.0,614.0,741.0,1136.857142857143
2022-03-18,0.0,5.75,0.0,67.6,1.117799,-0.625,585.0,1152.0,1059.142857142857
2022-03-19,0.041666666666666664,5.583333333333333,0.0,52.0,1.6393440000000001,-1.625,608.0,1617.0,917.2857142857143
2022-03-20,0.16666666666666666,10.333333333333334,0.10000000000000002,60.93699999999999,0.890373,0.0,624.0,1994.0,760.5714285714286
2022-03-21,0.125,9.625,0.10000000000000002,55.35999999999999,1.00077,-0.16666666666666666,897.0,624.0,782.1428571428571
2022-03-22,0.041666666666666664,5.75,0.0,42.9,1.146351,0.0,775.0,1372.0,647.4285714285714
2022-03-23,0.125,7.625,0.0,71.5,0.919037,0.0,429.0,614.0,682.2857142857143
2022-03-24,0.375,17.708333333333332,0.0,91.741,0.645161,-2.8333333333333335,858.0,585.0,978.4285714285714
2022-03-25,0.125,7.291666666666667,0.0,112.666,0.893946,0.0,2658.0,608.0,1175.7142857142858
2022-03-26,0.25,9.541666666666666,0.0,65.187,0.617999,-0.4166666666666667,1989.0,624.0,1235.5714285714287
2022-03-27,0.125,8.208333333333334,0.0,113.608,0.791236,0.0,1043.0,897.0,1480.7142857142858
2022-03-28,0.125,6.208333333333333,0.0,83.2,0.918485,-1.625,2613.0,775.0,1548.2857142857142
2022-03-29,0.08333333333333333,6.0,0.0,53.733,0.576369,-2.4583333333333335,1248.0,429.0,1555.857142857143
2022-03-30,0.041666666666666664,5.166666666666667,0.3,84.967,1.3643659999999997,-6.541666666666667,482.0,858.0,1687.7142857142858
2022-03-31,0.041666666666666664,9.583333333333334,0.0,114.829,1.319044,-13.791666666666666,1781.0,2658.0,1783.142857142857
2022-04-01,0.0,4.125,0.0,74.454,1.526718,-3.0,3326.0,1989.0,1615.7142857142858
2022-04-02,0.08333333333333333,6.541666666666667,0.0,94.575,1.161369,-6.083333333333333,817.0,1043.0,1628.4285714285713
2022-04-03,0.16666666666666666,13.125,0.1818181818181818,56.18800000000001,1.4747189999999997,-2.9166666666666665,1132.0,2613.0,1383.2857142857142
2022-04-04,0.08333333333333333,10.541666666666666,0.0,45.816,1.257862,-3.8333333333333335,897.0,1248.0,1279.857142857143
2022-04-05,0.08333333333333333,9.083333333333334,0.0,56.202,1.113173,-4.625,524.0,482.0,1356.4285714285713
2022-04-06,0.08333333333333333,9.041666666666666,0.0,65.58,1.1883,-3.7916666666666665,1018.0,1781.0,1232.7142857142858
2022-04-07,0.125,8.958333333333334,0.0,60.03,1.467269,-2.7916666666666665,915.0,3326.0,885.8571428571429
2022-04-08,0.041666666666666664,5.583333333333333,0.0588235294117647,41.171,1.174377,-268.25,898.0,817.0,845.4285714285714
2022-04-09,0.08333333333333333,6.916666666666667,0.0,51.01500000000001,1.2394,-1.7916666666666667,534.0,1132.0,749.0
2022-04-10,0.16666666666666666,13.708333333333334,0.04347826086956521,50.442,1.236218,-3.125,457.0,897.0,742.7142857142857
2022-04-11,0.125,9.083333333333334,0.0,53.78799999999999,1.723478,-1.7916666666666667,853.0,524.0,744.4285714285714
2022-04-12,0.08333333333333333,6.291666666666667,0.1111111111111111,48.36600000000001,1.113586,-1.1666666666666667,536.0,1018.0,633.2857142857143
2022-04-13,0.0,5.5,0.25,52.296,1.675552,-1.875,240.0,915.0,562.1428571428571
2022-04-14,0.0,6.333333333333333,0.0,59.817,1.184669,-1.75,417.0,898.0,510.42857142857144
2022-04-15,0.0,3.875,0.0,56.828,1.531394,-1.1666666666666667,536.0,534.0,490.85714285714283
2022-04-16,0.041666666666666664,8.166666666666666,0.0,72.79,1.7316019999999999,-0.375,397.0,457.0,442.14285714285717
2022-04-17,0.041666666666666664,6.916666666666667,0.0,35.147,0.985545,-0.5416666666666666,116.0,853.0,340.2857142857143
2022-04-18,0.125,11.458333333333334,0.0,70.2,1.7316019999999999,-0.875,140.0,536.0,293.7142857142857
2022-04-19,0.125,6.75,0.0,35.1,1.378858,-0.25,210.0,240.0,269.42857142857144
2022-04-20,0.0,5.041666666666667,0.0,38.095,1.601831,-0.041666666666666664,70.0,417.0,220.71428571428572
2022-04-21,0.0,2.7083333333333335,0.0,35.721,1.09589,-2.375,76.0,536.0,174.57142857142858
2022-04-22,0.08333333333333333,9.708333333333334,0.20000000000000004,80.188,1.610018,-4.833333333333333,213.0,397.0,277.7142857142857
2022-04-23,0.08333333333333333,9.0,0.2727272727272727,64.383,1.29376,-10.791666666666666,1119.0,116.0,590.8571428571429
2022-04-24,0.20833333333333334,13.25,0.10000000000000002,78.03,1.537698,-9.416666666666666,2308.0,140.0,871.1428571428571
2022-04-25,0.041666666666666664,6.25,0.0666666666666666,65.1,0.985477,-8.208333333333334,2102.0,210.0,1128.5714285714287
2022-04-26,0.125,9.666666666666666,0.0,59.169999999999995,1.8331229999999998,-0.2916666666666667,2012.0,70.0,1262.142857142857
2022-04-27,0.16666666666666666,9.041666666666666,0.25,86.277,1.267606,-147.41666666666666,1005.0,76.0,1464.2857142857142
2022-04-28,0.125,7.25,0.0,59.169999999999995,0.8886569999999999,-174.04166666666666,1491.0,213.0,1611.2857142857142
2022-04-29,0.08333333333333333,7.416666666666667,0.037037037037037,69.727,1.369369,-5.041666666666667,1242.0,1119.0,1550.857142857143
2022-04-30,0.0,5.916666666666667,0.0,67.511,1.726568,-1.7916666666666667,696.0,2308.0,1404.2857142857142
2022-05-01,0.125,11.083333333333334,0.0344827586206896,61.189,0.918063,-0.75,1282.0,2102.0,1296.142857142857
2022-05-02,0.041666666666666664,9.583333333333334,0.064516129032258,55.565,1.058201,-0.2916666666666667,1345.0,2012.0,1135.7142857142858
2022-05-03,0.125,11.25,0.0,67.63,1.318868,-0.16666666666666666,889.0,1005.0,1069.4285714285713
2022-05-04,0.25,15.083333333333334,0.1111111111111111,51.330000000000005,1.323452,-0.9583333333333334,541.0,1491.0,976.0
2022-05-05,0.08333333333333333,9.541666666666666,0.047619047619047596,55.572,0.9208630000000001,-0.5,837.0,1242.0,885.7142857142857
2022-05-06,0.0,8.333333333333334,0.0,54.1,1.226667,-0.20833333333333334,610.0,696.0,863.5714285714286
2022-05-07,0.041666666666666664,6.041666666666667,0.0,72.555,1.09447,-0.4166666666666667,541.0,1282.0,773.7142857142857
2022-05-08,0.08333333333333333,12.5,0.032258064516129,50.56199999999999,1.337105,-0.4166666666666667,653.0,1345.0,697.1428571428571
2022-05-09,0.041666666666666664,5.666666666666667,0.0,51.0,0.9510489999999999,0.0,809.0,889.0,664.8571428571429
2022-05-10,0.125,6.75,0.03125,58.5,1.428571,0.0,663.0,541.0,654.4285714285714
2022-05-11,0.0,7.083333333333333,0.0,52.0,1.196762,0.0,468.0,837.0,579.4285714285714
2022-05-12,0.25,12.583333333333334,0.0,85.35700000000001,0.916808,-1.1666666666666667,312.0,610.0,833.7142857142857
2022-05-13,0.375,17.25,0.05000000000000001,76.022,1.107716,-1.125,2390.0,541.0,1114.2857142857142
2022-05-14,0.125,10.375,0.04,104.907,1.468625,-0.5833333333333334,2505.0,653.0,1425.5714285714287
2022-05-15,0.08333333333333333,10.291666666666666,0.1304347826086956,71.952,1.18997,-0.4166666666666667,2832.0,809.0,1525.857142857143
2022-05-16,0.20833333333333334,9.708333333333334,0.0,79.677,1.5934540000000001,-1.2083333333333333,1511.0,663.0,1761.142857142857
2022-05-17,0.2916666666666667,13.125,0.09523809523809519,86.556,1.47585,-0.9583333333333334,2310.0,468.0,1941.4285714285713
2022-05-18,0.08333333333333333,6.5,0.0,89.358,1.378579,-8.791666666666666,1730.0,312.0,2117.0
2022-05-19,0.08333333333333333,7.375,0.0,71.89,1.247834,-0.7083333333333334,1541.0,2390.0,1996.142857142857
2022-05-20,0.125,8.333333333333334,0.0,62.088,1.164254,-0.16666666666666666,1544.0,2505.0,1771.2857142857142
2022-05-21,0.0,9.791666666666666,0.0,49.733,1.678657,-1.6666666666666667,931.0,2832.0,1489.0
2022-05-22,0.25,15.333333333333334,0.027777777777777696,73.5,1.508408,0.0,856.0,1511.0,1546.142857142857
2022-05-23,0.041666666666666664,6.25,0.04347826086956521,55.055,0.868455,-1.7916666666666667,1911.0,2310.0,1404.857142857143
2022-05-24,0.16666666666666666,12.125,0.0,58.5,0.9126790000000001,-6.5,1321.0,1730.0,1274.7142857142858
2022-05-25,0.08333333333333333,9.458333333333334,0.0357142857142857,80.542,1.06141,-0.375,819.0,1541.0,1365.142857142857
2022-05-26,0.125,10.416666666666666,0.0,70.571,1.203369,0.0,2174.0,1544.0,1356.2857142857142
2022-05-27,0.16666666666666666,9.875,0.0303030303030303,69.519,1.499847,-5.916666666666667,1482.0,931.0,1481.4285714285713
2022-05-28,0.20833333333333334,8.125,0.0833333333333333,72.15,1.4840989999999998,0.0,1807.0,856.0,1565.2857142857142
2022-05-29,0.041666666666666664,6.916666666666667,0.04347826086956521,83.942,1.208824,-1.0,1443.0,1911.0,1556.0
2022-05-30,0.375,15.333333333333334,0.16,86.843,1.410398,-0.5,1846.0,1321.0,1677.2857142857142
2022-05-31,0.16666666666666666,8.5,0.09523809523809519,69.873,1.111761,-33.75,2170.0,819.0,1789.7142857142858
2022-06-01,0.20833333333333334,23.625,0.0384615384615384,75.269,2.7130570000000005,-82.16666666666667,1606.0,2174.0,2070.0
2022-06-02,0.3333333333333333,20.25,0.03125,67.841,0.7139669999999999,-2.875,4136.0,1482.0,2200.8571428571427
2022-06-03,0.20833333333333334,17.958333333333332,0.0461538461538461,61.91400000000001,0.8141729999999999,-4.333333333333333,2398.0,1807.0,2216.1428571428573
2022-06-04,0.2916666666666667,22.208333333333332,0.0394736842105263,69.272,0.864801,-4.25,1914.0,1443.0,2385.285714285714
2022-06-05,0.0,15.416666666666666,0.0405405405405405,65.142,0.825339,-4.583333333333333,2627.0,1846.0,2511.4285714285716
2022-06-06,0.3333333333333333,21.5,0.1228070175438596,73.857,0.7840089999999998,-5.0,2729.0,2170.0,2981.285714285714
2022-06-07,0.125,12.208333333333334,0.1034482758620689,80.975,0.7601590000000001,-2.375,5459.0,1606.0,3070.0
2022-06-08,0.08333333333333333,18.041666666666668,0.0677966101694915,67.38,0.8386520000000001,-6.333333333333333,2227.0,4136.0,2719.1428571428573
2022-06-09,0.041666666666666664,12.375,0.0612244897959183,67.432,0.586701,-5.0,1680.0,2398.0,2626.285714285714
2022-06-10,0.4166666666666667,16.125,0.04347826086956521,80.397,0.631304,-0.625,1748.0,1914.0,2559.0
2022-06-11,0.16666666666666666,15.208333333333334,0.0689655172413793,72.756,0.689381,-4.458333333333333,1443.0,2627.0,2487.285714285714
2022-06-12,0.20833333333333334,18.416666666666668,0.0617283950617283,68.675,0.866345,-3.625,2125.0,2729.0,2410.714285714286
2022-06-13,0.25,19.291666666666668,0.048780487804878,66.225,0.752716,-11.541666666666666,2193.0,5459.0,1960.142857142857
2022-06-14,0.041666666666666664,8.041666666666666,0.2291666666666666,60.005,0.676913,-3.3333333333333335,2305.0,2227.0,1870.4285714285713
2022-06-15,0.08333333333333333,14.0,0.06,56.07500000000001,0.744301,-3.9583333333333335,1599.0,1680.0,1814.0
2022-06-16,0.4166666666666667,16.958333333333332,0.0571428571428571,71.268,0.684872,-4.5,1285.0,1748.0,2115.8571428571427
2022-06-17,0.2916666666666667,15.333333333333334,0.075,74.734,0.769231,-4.125,3861.0,1443.0,2363.4285714285716
2022-06-18,0.125,13.458333333333334,0.0136986301369863,92.622,3.459668,-2.7916666666666665,3176.0,2125.0,2545.5714285714284
2022-06-19,0.2916666666666667,23.416666666666668,0.0103092783505154,80.784,1.245667,-3.9583333333333335,3400.0,2193.0,2959.1428571428573
2022-06-20,0.25,17.125,0.0289855072463768,78.773,1.261318,-4.625,5088.0,2305.0,3220.285714285714
2022-06-21,0.16666666666666666,13.625,0.0625,73.37,1.18125,-5.125,4133.0,1599.0,3441.5714285714284
2022-06-22,0.20833333333333334,11.208333333333334,0.064516129032258,76.792,1.385681,-3.0833333333333335,3148.0,1285.0,3608.714285714286
2022-06-23,0.25,11.791666666666666,0.0714285714285714,77.173,1.025364,-2.8333333333333335,2455.0,3861.0,3477.0
2022-06-24,0.08333333333333333,14.75,0.027027027027027,86.19,1.104247,-3.875,2939.0,3176.0,3388.0
2022-06-25,0.20833333333333334,17.208333333333332,0.0555555555555555,86.274,1.114818,-8.75,2553.0,3400.0,3383.5714285714284
2022-06-26,0.125,18.458333333333332,0.056338028169014,67.708,1.597052,-5.541666666666667,3369.0,5088.0,3028.285714285714
2022-06-27,0.20833333333333334,13.625,0.05000000000000001,71.334,0.971717,-4.541666666666667,2601.0,4133.0,2901.285714285714
2022-06-28,0.125,11.916666666666666,0.0294117647058823,78.488,0.987369,-4.166666666666667,3244.0,3148.0,2787.714285714286
2022-06-29,0.041666666666666664,10.125,0.09375,85.51,1.147489,-12.5,2353.0,2455.0,3017.1428571428573
2022-06-30,0.16666666666666666,17.75,0.08823529411764701,82.906,1.021618,-5.916666666666667,4061.0,2939.0,3183.285714285714
2022-07-01,0.041666666666666664,12.833333333333334,0.0,88.45800000000001,4.451676,-0.5,4102.0,2553.0,3273.4285714285716
2022-07-02,0.125,9.541666666666666,0.0833333333333333,83.091,1.484767,-1.5416666666666667,3184.0,3369.0,3337.8571428571427
2022-07-03,0.20833333333333334,22.166666666666668,0.027027027027027,74.931,2.108267,-1.2916666666666667,3820.0,2601.0,3351.285714285714
2022-07-04,0.0,15.25,0.027027027027027,71.893,1.255619,-2.7083333333333335,2695.0,3244.0,3329.285714285714
2022-07-05,0.125,13.583333333333334,0.072463768115942,68.937,1.104454,-15.791666666666666,3090.0,2353.0,3278.4285714285716
2022-07-06,0.125,12.5,0.08695652173913042,74.325,1.4880950000000002,-1.25,1997.0,4061.0,3016.5714285714284
2022-07-07,0.08333333333333333,11.708333333333334,0.0588235294117647,82.997,1.267388,-3.375,2228.0,4102.0,2881.0
2022-07-08,0.041666666666666664,9.083333333333334,0.0784313725490196,66.35,1.3384860000000003,-1.375,3153.0,3184.0,2549.1428571428573
2022-07-09,0.08333333333333333,15.083333333333334,0.0694444444444444,80.604,1.7283,-2.4166666666666665,861.0,3820.0,2424.0
2022-07-10,0.08333333333333333,15.208333333333334,0.1020408163265306,80.849,1.8252619999999997,-2.0416666666666665,2944.0,2695.0,2460.4285714285716
2022-07-11,0.2916666666666667,22.666666666666668,0.054054054054054,73.064,1.112595,-3.3333333333333335,2950.0,3090.0,2603.1428571428573
2022-07-12,0.20833333333333334,11.333333333333334,0.0833333333333333,76.86,1.370465,-167.91666666666666,4089.0,1997.0,2833.5714285714284
2022-07-13,0.125,15.916666666666666,0.0655737704918032,82.178,1.025573,-2.1666666666666665,3610.0,2228.0,2914.0
2022-07-14,0.16666666666666666,16.541666666666668,0.027027027027027,67.56,0.94958,-6.375,2791.0,3153.0,2853.5714285714284
2022-07-15,0.16666666666666666,14.0,0.0405405405405405,69.44,1.027259,-11.75,2730.0,861.0,3052.285714285714
2022-07-16,0.16666666666666666,13.666666666666666,0.04347826086956521,62.424,1.157732,-7.708333333333333,2252.0,2944.0,2916.8571428571427
2022-07-17,0.2916666666666667,19.75,0.04395604395604389,70.333,1.30731,-1.375,1996.0,2950.0,2796.5714285714284
2022-07-18,0.08333333333333333,12.125,0.0746268656716417,61.395999999999994,0.761155,-9.708333333333334,2108.0,4089.0,2618.8571428571427
2022-07-19,0.16666666666666666,10.666666666666666,0.0405405405405405,54.155,0.8032499999999999,-9.625,2845.0,3610.0,2342.714285714286
2022-07-20,0.16666666666666666,12.541666666666666,0.0,65.359,0.716898,-9.791666666666666,1677.0,2791.0,2233.0
2022-07-21,0.16666666666666666,12.083333333333334,0.0491803278688524,72.09,0.977121,-3.25,2023.0,2730.0,2177.285714285714
2022-07-22,0.16666666666666666,10.791666666666666,0.0909090909090909,55.178,0.8204949999999999,-13.625,2340.0,2252.0,2059.5714285714284
2022-07-23,0.0,6.583333333333333,0.0208333333333333,78.878,0.818889,-0.9583333333333334,1428.0,1996.0,1954.5714285714287
2022-07-24,0.16666666666666666,15.666666666666666,0.012820512820512798,70.233,1.149276,-1.875,1261.0,2108.0,2014.142857142857
2022-07-25,0.125,11.833333333333334,0.0517241379310344,87.57599999999998,0.826547,-0.9583333333333334,2525.0,2845.0,1877.2857142857142
2022-07-26,0.08333333333333333,8.583333333333334,0.0344827586206896,60.454,0.882523,-2.0,1887.0,1677.0,1853.2857142857142
2022-07-27,0.041666666666666664,11.0,0.023809523809523798,85.316,0.632763,-5.125,1509.0,2023.0,1914.142857142857
2022-07-28,0.125,14.708333333333334,0.0816326530612244,75.246,1.163249,-4.666666666666667,2449.0,2340.0,1908.857142857143
2022-07-29,0.08333333333333333,12.208333333333334,0.0425531914893617,88.818,1.082667,-1.0,2303.0,1428.0,2079.5714285714284
2022-07-30,0.16666666666666666,10.333333333333334,0.047619047619047596,73.475,0.8331969999999999,-2.375,2623.0,1261.0,2214.0
2022-07-31,0.25,17.75,0.0,76.659,0.903809,-1.2083333333333333,2202.0,2525.0,2427.8571428571427
2022-08-01,0.125,14.208333333333334,0.0,72.397,0.85885,-48.0,4022.0,1887.0,2416.5714285714284
2022-08-02,0.16666666666666666,15.458333333333334,0.029850746268656702,104.66000000000001,1.227041,-5.166666666666667,1808.0,1509.0,2567.285714285714
2022-08-03,0.16666666666666666,15.291666666666666,0.0784313725490196,118.861,1.023739,-3.25,2564.0,2449.0,2556.714285714286
2022-08-04,0.125,12.041666666666666,0.0392156862745098,64.534,1.0601,-2.4583333333333335,2375.0,2303.0,2402.714285714286
2022-08-05,0.041666666666666664,13.083333333333334,0.04347826086956521,93.08,1.8426859999999998,-1.875,1225.0,2623.0,2227.1428571428573
2022-08-06,0.08333333333333333,10.25,0.0204081632653061,80.714,1.470588,-2.0,1394.0,2202.0,2200.4285714285716
2022-08-07,0.08333333333333333,13.166666666666666,0.0158730158730158,64.642,1.553672,-0.7083333333333334,2015.0,4022.0,1773.4285714285713
